{
  "title": "ABOUT ME",
  "descriptionHead": "Hello! I’m Çelik, a software engineer. I build software for the web, mobile platforms, backend systems, you name it! Here are some interesting facts about me:",
  "descriptionTail": "I am highly self-motivated, always willing to improve and push the boundaries in any\n              way possible. I keep myself up to date with recent technologies and diversify my professional work so I can grow an extensive skillset in different areas.",
  "items": [
    "* I’ve been building things using computers since the [age of 12](/blog/qnote)",
    "* I had an app that got [10k downloads](/blog/photosec) on Windows Phone Store when I was 16",
    "* I do programming [livestreams](https://www.youtube.com/watch?v=WfyQF2xyAHE&list=PLNkfllcUq3AkdeD4Aqp_Z2AIGyyF00_d8&index=124) on Twitch",
    "* I used to [teach Parkour!](https://www.instagram.com/p/BwzzN5VAK0_/?igshid=1x1mbmak9br4q) I still do it on the weekends",
    "* I like driving and I occassionally film [car reviews](https://youtu.be/mswvOEI1XiA)",
    "* I do graphics design and can use the full adobe suite"
  ],
  "portraitAlt": "portrait of the author of this website"
}