{
  "landingReference": "landing",
  "aboutMeReference": "aboutMe",
  "projectsReference": "projects",
  "skillsReference": "skills",
  "contactReference": "contact",
  "latestBlogPostsReference": "latestBlogPosts",
  "pageTitle": "CK - Home",
  "pageDescription": "Hey, this is my personal website. You can take a look at my portfolio, download my CV and see how you can contact me!",
  "metaImageAlt": "The image contains the logo of this website. The letter C with some sort of an elliptical shape at the bottom."
}
