{
  "title": "Çelik Köseoğlu",
  "leftText": "LET'S MEET",
  "location": "London, UK",
  "linkText": "Wondering how this website is made?",
  "videos" : [
    "Making The Navbar",
    "Creating the Footer",
    "Dark Mode for Blog"
  ],
  "links": [
    "https://www.youtube.com/watch?v=v64p5L3-dZ4&list=PLNkfllcUq3AkdeD4Aqp_Z2AIGyyF00_d8&index=9",
    "https://www.youtube.com/watch?v=axbcvBCTTLQ&list=PLNkfllcUq3AkdeD4Aqp_Z2AIGyyF00_d8&index=85",
    "https://www.youtube.com/watch?v=qLRfBrFXPc0&list=PLNkfllcUq3AkdeD4Aqp_Z2AIGyyF00_d8&index=77"
  ],
  "socialMediaLinks": {
    "twitterLink": "https://twitter.com/celikkoseoglu",
    "twitterAriaLabel": "Twitter Profile",
    "facebookLink": "https://www.facebook.com/celikkoseoglu",
    "facebookAriaLabel": "Facebook Profile",
    "linkedinLink": "https://linkedin.com/in/celikk",
    "linkedinAriaLabel": "LinkedIn Profile",
    "githubLink": "https://github.com/celikkoseoglu",
    "githubAriaLabel": "GitHub Profile",
    "instagramLink": "https://instagram.com/celikkoseoglu",
    "instagramAriaLabel": "Instagram Profile",
    "emailLink": "mailto:celikkoseoglu@yahoo.com",
    "emailAriaLabel": "Email Address"
  },
  "githubLink": "https://github.com/celikkoseoglu/celikk-personal-website-nextjs"
}