[
  {
    "companyName": "American Express",
    "title": "Mobile Engineer",
    "country": "UK",
    "city": "London",
    "description": "Currently working in the Mobile Engineering team to deliver new and exciting features into the American Express Android app. Previously worked in Loyalty department on backend applications",
    "bulletPoints": [
      "Currently implementing a feature which allows customers to book restaurants",
      "Improved the card switcher animation to be consistent (affects 80m logins / month)",
      "Separated Android app into modules to speed up the build process",
      "Converted 5000+ lines of Java code into Kotlin to conform with new standards",
      "Developed scalable algorithms that can handle millions of customer records efficiently",
      "Implemented an Exception Handler for a loyalty platform to handle errors gracefully",
      "Worked with a law startup to put SLAs and signatures on the Ethereum network",
      "Participated in recruitment events across UK and interviewed candidate graduates"
    ]
  },
  {
    "companyName": "UnionPay",
    "title": "Product Development Intern",
    "country": "China",
    "city": "Shanghai",
    "description": "Worked as a part of the product development team that analysed market needs to create innovative solutions. Team was formed of R&D developers and UX designers.",
    "bulletPoints": [
      "Delivered technical and business presentations on UnionPay vs comptetitor’s solution",
      "Made visual enhancements on internal documentations (Sketch)",
      "Gained experience in working with a shifting work environment and different culture",
      "Reference letter available at: https://celikk.me/refUPI.pdf"
    ]
  }
]